placering,titel,video,undertekster,lydbeskrivelse,dato,bemærkning
Video,Bøssehusets Sommerfest,https://www.youtube.com/watch?v=XbouVsSn2Y0,Ikke kontrolleret,Ikke kontrolleret,,
Video,Danmark har talent — første liveshow,https://www.youtube.com/watch?v=vpIyIiG7Gm8,Ikke kontrolleret,Ikke kontrolleret,,
Video,På loftet sidder nissen,https://www.youtube.com/watch?v=UlnsfI_mBnM,Ikke kontrolleret,Ikke kontrolleret,,
Video,Straight World Order,https://www.youtube.com/watch?v=iP4osFcJ4gI,Ikke kontrolleret,Ikke kontrolleret,,
Video,Master Fucker,https://www.youtube.com/watch?v=2fQOtbu9cJ4,Ikke kontrolleret,Ikke kontrolleret,,
Video,Tra la lu la laj,https://www.youtube.com/watch?v=P8PobrylPps,Ikke kontrolleret,Ikke kontrolleret,,
Video,Blomster,https://www.youtube.com/watch?v=W1A7KyZAXjQ,Ikke kontrolleret,Ikke kontrolleret,,
Video,Det Samme Som Mig,https://www.youtube.com/watch?v=K73sDChiHUw,Ikke kontrolleret,Ikke kontrolleret,,
Video,Håb — dansk version,https://www.youtube.com/watch?v=d88qIC6PD4A,Ikke kontrolleret,Ikke kontrolleret,,
Video,Sproghoved — dansk version,https://www.youtube.com/watch?v=XDnKbx4O72o,Ikke kontrolleret,Ikke kontrolleret,,
Video,Dennis Agerblad Live til Kunst i Dunst,https://www.youtube.com/watch?v=t0rm3QuvWC0,Ikke kontrolleret,Ikke kontrolleret,,
Video,Flaget // Flaggið,https://www.youtube.com/watch?v=Y9VPoUXtoLs,Ikke kontrolleret,Ikke kontrolleret,,
Video,Snoribolla Genturnar,https://www.youtube.com/watch?v=GreHCFZLsuA,Ikke kontrolleret,Ikke kontrolleret,,
Video,Love Has No Gender,https://www.youtube.com/watch?v=djFXmc2mVNc,Ikke kontrolleret,Ikke kontrolleret,,
Video,Covid-19,https://www.youtube.com/watch?v=2Y4QeD3JmNo,Ikke kontrolleret,Ikke kontrolleret,,
Video,Københavns værste Trash-Drag — Distortion 2013,https://www.youtube.com/watch?v=eDrkJPHt0mA,Ikke kontrolleret,Ikke kontrolleret,,
Video,Midnight Lover,https://www.youtube.com/watch?v=yA2AV9pDvn8,Ikke kontrolleret,Ikke kontrolleret,,
Video,Normal Man,https://www.youtube.com/watch?v=yaA0jyDWLC4,Ikke kontrolleret,Ikke kontrolleret,,
Video,Refugee,https://www.youtube.com/watch?v=_1b2lt4YSEw,Ikke kontrolleret,Ikke kontrolleret,,
Video,Danmark har talent — program 4,https://www.youtube.com/watch?v=E3Na8mtoWhQ,Ikke kontrolleret,Ikke kontrolleret,,
Video,Lesbisk Sadist — Copenhagen Pride,https://www.youtube.com/watch?v=6yDZTMn4AtQ,Ikke kontrolleret,Ikke kontrolleret,,
Video,MOGGA,https://www.youtube.com/watch?v=jg8rzij_LwM,Ikke kontrolleret,Ikke kontrolleret,,
Tidslinje,"Stjernevask, “Sex in A UFO”",https://www.youtube.com/watch?v=I_KZ83dsv-Y,Ikke kontrolleret,Ikke kontrolleret,2024-05-31,
Tidslinje,Jeg optrådte i 30 minutter med mit band i Facebookgruppen LGBT+30.,https://www.youtube.com/watch?v=ddKXaFtYU80,Ikke kontrolleret,Ikke kontrolleret,2021-04-25,
Tidslinje,Tú og Eg,https://www.youtube.com/watch?v=xjdlldhlFVk,Ikke kontrolleret,Ikke kontrolleret,2021-03-01,YouTube afviser indlejring som aldersbegrænset; undertekster ikke kontrolleret.
Tidslinje,Covid-19,https://www.youtube.com/watch?v=2Y4QeD3JmNo,Ikke kontrolleret,Ikke kontrolleret,2020-12-10,
Tidslinje,Love Has No Gender,https://www.youtube.com/watch?v=djFXmc2mVNc,Ikke kontrolleret,Ikke kontrolleret,2020-05-11,
Tidslinje,Blomster,https://www.youtube.com/watch?v=W1A7KyZAXjQ,Ikke kontrolleret,Ikke kontrolleret,2020-04-20,
Tidslinje,Video Video,https://www.youtube.com/watch?v=BIJTQxGkQ80,Ikke kontrolleret,Ikke kontrolleret,2020-02-17,
Tidslinje,Master Fucker,https://www.youtube.com/watch?v=2fQOtbu9cJ4,Ikke kontrolleret,Ikke kontrolleret,2020-01-06,
Tidslinje,Normal Man,https://www.youtube.com/watch?v=yaA0jyDWLC4,Ikke kontrolleret,Ikke kontrolleret,2018-12-03,
Tidslinje,I Wanna Pose,https://www.youtube.com/watch?v=gOOloB7YCb8,Ikke kontrolleret,Ikke kontrolleret,2017-09-17,
Tidslinje,Hipp og Hopp,https://www.youtube.com/watch?v=vvjCeNak7jQ,Ikke kontrolleret,Ikke kontrolleret,2017-07-11,
Tidslinje,Mogga,https://www.youtube.com/watch?v=jg8rzij_LwM,Ikke kontrolleret,Ikke kontrolleret,2017-06-11,
Tidslinje,Synkron Svømining,https://www.youtube.com/watch?v=FRupUFNZF14,Ikke kontrolleret,Ikke kontrolleret,2017-05-25,
Tidslinje,"In My Shoes, Eivør",https://www.youtube.com/watch?v=ILgM-NpNBWo,Ikke kontrolleret,Ikke kontrolleret,2017-05-08,
Tidslinje,Jeg Er Tove Hansen,https://www.youtube.com/watch?v=WWVI0IL638I,Ikke kontrolleret,Ikke kontrolleret,2017-01-31,
Tidslinje,Forelsket I Et Dyr,https://www.youtube.com/watch?v=ly47V19BqQI,Ikke kontrolleret,Ikke kontrolleret,2016-07-16,
Tidslinje,Tis På Mig,https://www.youtube.com/watch?v=IYhZxAJxTgo,Ikke kontrolleret,Ikke kontrolleret,2016-03-10,
Tidslinje,Transformation,https://www.youtube.com/watch?v=Gb5WDXCCQu8,Ikke kontrolleret,Ikke kontrolleret,2015-09-13,
Tidslinje,Refugee,https://www.youtube.com/watch?v=_1b2lt4YSEw,Ikke kontrolleret,Ikke kontrolleret,2015-08-26,
Tidslinje,Tissemand,https://www.youtube.com/watch?v=CNGVa5cbd6M,Ikke kontrolleret,Ikke kontrolleret,2014-07-09,
Tidslinje,Forfør Mig,https://www.youtube.com/watch?v=u29lm8nDnIc,Ikke kontrolleret,Ikke kontrolleret,2014-06-08,
Tidslinje,Svaj,https://www.youtube.com/watch?v=8dkzVBxYRdw,Ikke kontrolleret,Ikke kontrolleret,2014-04-04,
Tidslinje,Lesbisk Sadist,https://www.youtube.com/watch?v=6yDZTMn4AtQ,Ikke kontrolleret,Ikke kontrolleret,2014-01-04,
Tidslinje,Bananasplit,https://www.youtube.com/watch?v=n2AM0XKuAC8,Ikke kontrolleret,Ikke kontrolleret,2013-10-09,
Tidslinje,Midnight Lover,https://www.youtube.com/watch?v=yA2AV9pDvn8,Ikke kontrolleret,Ikke kontrolleret,2013-09-05,
Tidslinje,København's værste Trasch Drag,https://www.youtube.com/watch?v=eDrkJPHt0mA,Ikke kontrolleret,Ikke kontrolleret,2013-06-03,
Tidslinje,Svans,https://www.youtube.com/watch?v=5egu-7Rnq5U,Ikke kontrolleret,Ikke kontrolleret,2013-05-25,
Tidslinje,Private Parts,https://www.youtube.com/watch?v=f14TTCKyeEU,Ikke kontrolleret,Ikke kontrolleret,2013-03-09,
Tidslinje,Hospital,https://www.youtube.com/watch?v=ElFkEAO2_xo,Ikke kontrolleret,Ikke kontrolleret,2013-01-25,
Tidslinje,"Loco Mama, MIX-København BLOG",https://www.youtube.com/watch?v=acKe9jQKANA,Ikke kontrolleret,Ikke kontrolleret,2012-11-05,
Tidslinje,"Snoribolla Genturnar ved ""KE12"" ved Den Frie, København, Danmark.",https://www.youtube.com/watch?v=GreHCFZLsuA,Ikke kontrolleret,Ikke kontrolleret,2012-10-12,
Tidslinje,"Fjøllini Dansa, København.",https://www.youtube.com/watch?v=x6GFsIy_d3A,Ikke kontrolleret,Ikke kontrolleret,2012-08-21,
Tidslinje,Jeg Tænker På Dig,https://www.youtube.com/watch?v=NDI11UDVqV8,Ikke kontrolleret,Ikke kontrolleret,2012-07-18,
Tidslinje,Håb / Vón,https://www.youtube.com/watch?v=d88qIC6PD4A,Ikke kontrolleret,Ikke kontrolleret,2011-09-05,
Tidslinje,Dun / Larm,https://www.youtube.com/watch?v=kau6uVyRZvA,Ikke kontrolleret,Ikke kontrolleret,2011-08-16,
Tidslinje,Flaget / Flaggið,https://www.youtube.com/watch?v=Y9VPoUXtoLs,Ikke kontrolleret,Ikke kontrolleret,2011-08-04,
Tidslinje,Rumpedans,https://www.youtube.com/watch?v=wZcHL7J5c30,Ikke kontrolleret,Ikke kontrolleret,2010-07-03,
Tidslinje,Festtøj,https://www.youtube.com/watch?v=KGlpQWuqp8g,Ikke kontrolleret,Ikke kontrolleret,2010-07-03,
Tidslinje,dunst JULEKALENDER - 24 afsnit på YouTube.,https://www.youtube.com/watch?v=T_rwFmHmYAc,Ikke kontrolleret,Ikke kontrolleret,2009-12-01,
Tidslinje,"""Spurningurin"", maður:glotti",https://www.youtube.com/watch?v=nI8OiBdGqOM,Ikke kontrolleret,Ikke kontrolleret,2008-07-17,
Tidslinje,"Shave Your Pet, backstage, Dunst-fest, København.",https://www.youtube.com/watch?v=Kswkim-4W2I,Ikke kontrolleret,Ikke kontrolleret,2006-07-08,
Tidslinje,"Welcome to Dunst med Dennis, Delores & Petruska, København.",https://www.youtube.com/watch?v=fKRDUmn7oT8,Ikke kontrolleret,Ikke kontrolleret,2005-12-01,
Tidslinje,"Fightclub by Dennis & Delores, København.",https://www.youtube.com/watch?v=jhwj9weiKrI,Ikke kontrolleret,Ikke kontrolleret,2005-12-01,
Tidslinje,Midnight Lover,https://www.youtube.com/watch?v=yA2AV9pDvn8,Ikke kontrolleret,Ikke kontrolleret,2005-03-01,
Tidslinje,"Kunst i Dunst, Bøssehuset, Christiania, København",https://www.youtube.com/watch?v=t0rm3QuvWC0,Ikke kontrolleret,Ikke kontrolleret,2003-07-23,
